ticker,name,date,obv,obv_change_20d,ad_line,ad_change_20d,mfi,vol_ratio_5d_20d,surge_count_5d,surge_count_20d,supply_demand_score,supply_demand_stage
A,A,2026-01-29 05:00:00+00:00,1514192.0,-76.89,-23810341.96629153,-6.07,31.6,0.79,0,0,25,Strong Distribution
AAL,AAL,2026-01-29 05:00:00+00:00,584826307.0,-16.33,-768807394.8572463,-43.39,26.9,1.01,0,0,15,Strong Distribution
AAPL,AAPL,2026-01-29 05:00:00+00:00,1662759884.0,-8.88,948136685.1022626,-10.73,47.7,0.96,0,0,25,Strong Distribution
ABBV,ABBV,2026-01-29 05:00:00+00:00,196639972.0,9.64,196234232.60224837,7.76,52.0,0.87,0,0,70,Strong Accumulation
ABNB,ABNB,2026-01-29 05:00:00+00:00,126975377.0,2.44,71790347.39028831,-8.71,39.0,0.85,0,0,40,Distribution
ABT,ABT,2026-01-29 05:00:00+00:00,27510511.0,-79.67,167736849.86361378,-18.59,20.9,1.57,2,4,25,Strong Distribution
ACGL,ACGL,2026-01-29 05:00:00+00:00,27830949.0,7.32,33900757.61574324,36.92,41.6,0.84,0,1,75,Strong Accumulation
ACN,ACN,2026-01-29 05:00:00+00:00,-25605453.0,-552.87,30381483.33636513,-14.08,38.3,0.94,0,0,20,Strong Distribution
ADBE,ADBE,2026-01-29 05:00:00+00:00,-189094106.0,-18.56,-58896907.041364014,-13.26,30.6,0.99,0,1,20,Strong Distribution
ADI,ADI,2026-01-29 05:00:00+00:00,82383468.0,30.37,81757886.59130393,11.73,58.0,0.92,0,0,80,Strong Accumulation
ADM,ADM,2026-01-29 05:00:00+00:00,-851461.0,96.83,-32935002.35343153,23.94,74.3,0.95,0,0,85,Strong Accumulation
ADP,ADP,2026-01-29 05:00:00+00:00,24633147.0,9.34,41558323.88595295,-8.64,24.9,1.34,0,0,50,Neutral
ADSK,ADSK,2026-01-29 05:00:00+00:00,30577647.0,9.13,3385908.8975135665,232.27,42.0,0.97,0,1,75,Strong Accumulation
AEE,AEE,2026-01-29 05:00:00+00:00,54618100.0,21.47,39741759.696278624,10.48,73.4,0.79,0,0,85,Strong Accumulation
AEP,AEP,2026-01-29 05:00:00+00:00,100957133.0,10.12,110654452.36484978,11.12,55.1,0.89,0,0,80,Strong Accumulation
AES,AES,2026-01-29 05:00:00+00:00,31514546.0,36.2,-233052764.55952173,-4.39,64.3,0.97,0,0,65,Accumulation
AFL,AFL,2026-01-29 05:00:00+00:00,101423966.0,-14.72,83059729.30610399,0.74,26.8,0.83,0,1,30,Distribution
AIG,AIG,2026-01-29 05:00:00+00:00,78864948.0,-19.57,-16153700.590942971,-187.64,31.6,0.58,0,2,15,Strong Distribution
AIZ,AIZ,2026-01-29 05:00:00+00:00,25437678.0,-0.62,4595070.8474226175,6.02,52.8,0.8,0,0,60,Accumulation
AJG,AJG,2026-01-29 05:00:00+00:00,14052998.0,-17.24,25508659.822219152,5.6,32.5,0.99,0,0,45,Neutral
AKAM,AKAM,2026-01-29 05:00:00+00:00,-12208387.0,61.31,-64553739.691392794,-6.64,70.8,1.29,1,2,65,Accumulation
ALB,ALB,2026-01-29 05:00:00+00:00,94781328.0,52.08,-38219454.96781646,30.4,71.0,0.85,0,0,85,Strong Accumulation
ALGN,ALGN,2026-01-29 05:00:00+00:00,-10024258.0,-18.17,-22089722.58382928,3.95,44.1,0.7,0,0,30,Distribution
ALL,ALL,2026-01-29 05:00:00+00:00,42335753.0,-10.82,17744113.276762687,-19.59,37.3,0.67,0,2,15,Strong Distribution
ALLE,ALLE,2026-01-29 05:00:00+00:00,22377822.0,-9.46,11866157.626837915,-10.07,53.3,0.96,0,0,25,Strong Distribution
AMAT,AMAT,2026-01-29 05:00:00+00:00,107286147.0,109.44,141198348.21113953,14.89,74.8,0.92,0,0,85,Strong Accumulation
AMCR,AMCR,2026-01-29 05:00:00+00:00,-51001490.0,45.94,-49438667.3142346,16.46,61.1,1.31,1,3,85,Strong Accumulation
AMD,AMD,2026-01-29 05:00:00+00:00,1171998352.0,32.49,181509110.85826495,-15.63,79.5,0.87,0,1,55,Accumulation
AME,AME,2026-01-29 05:00:00+00:00,35301551.0,16.81,19627899.161813006,32.57,54.5,1.01,0,0,80,Strong Accumulation
AMGN,AMGN,2026-01-29 05:00:00+00:00,85462906.0,28.21,70685214.24222443,25.18,57.3,0.98,0,0,80,Strong Accumulation
AMP,AMP,2026-01-29 05:00:00+00:00,24506094.0,25.23,11910227.772542037,-3.74,65.6,1.22,1,1,70,Strong Accumulation
AMT,AMT,2026-01-29 05:00:00+00:00,30174626.0,126.81,26830553.078813083,13.95,59.2,1.01,0,0,80,Strong Accumulation
AMZN,AMZN,2026-01-29 05:00:00+00:00,1433947225.0,9.71,902781470.287344,13.26,52.7,0.93,0,0,75,Strong Accumulation
ANET,ANET,2026-01-29 05:00:00+00:00,400971705.0,1.52,291363040.99828535,-8.02,55.9,1.08,0,1,40,Distribution
AON,AON,2026-01-29 05:00:00+00:00,36582927.0,0.93,33344810.15102984,7.49,31.7,1.21,0,0,65,Accumulation
AOS,AOS,2026-01-29 05:00:00+00:00,-18187982.0,29.51,-12013865.234391391,9.66,58.1,1.37,2,2,80,Strong Accumulation
APA,APA,2026-01-29 05:00:00+00:00,41799842.0,26.41,-180799328.14097506,-8.88,63.1,1.12,0,0,55,Accumulation
APD,APD,2026-01-29 05:00:00+00:00,31721243.0,40.16,54899084.02955793,2.65,45.4,1.06,0,0,65,Accumulation
APH,APH,2026-01-29 05:00:00+00:00,446662784.0,9.66,413067599.97483516,20.56,57.8,1.66,2,2,85,Strong Accumulation
APTV,APTV,2026-01-29 05:00:00+00:00,-53643569.0,-10.91,-2189538.0403655134,-194.44,37.3,0.72,0,0,20,Strong Distribution
ARE,ARE,2026-01-29 05:00:00+00:00,-39951333.0,24.54,-39144842.97302221,16.68,58.2,1.12,0,0,80,Strong Accumulation
ATO,ATO,2026-01-29 05:00:00+00:00,66790775.0,7.55,17908148.96946137,9.12,48.4,1.43,2,4,75,Strong Accumulation
AVB,AVB,2026-01-29 05:00:00+00:00,-2294648.0,-1084.83,13355381.914076587,0.02,50.8,1.01,0,1,35,Distribution
AVGO,AVGO,2026-01-29 05:00:00+00:00,1415938737.0,-0.35,366255374.2751108,-9.56,53.3,0.97,0,0,40,Distribution
AVY,AVY,2026-01-29 05:00:00+00:00,-4193007.0,38.25,2753541.7608278855,489.66,65.1,0.68,0,0,75,Strong Accumulation
AWK,AWK,2026-01-29 05:00:00+00:00,18621179.0,-0.28,20137820.36256536,2.12,44.1,0.9,0,0,50,Neutral
AXON,AXON,2026-01-29 05:00:00+00:00,26167905.0,-11.42,26857692.115899965,-6.16,32.3,1.16,2,2,25,Strong Distribution
AXP,AXP,2026-01-29 05:00:00+00:00,102394496.0,-0.14,154753547.38799345,2.99,40.1,0.91,0,1,50,Neutral
AZO,AZO,2026-01-29 05:00:00+00:00,4669916.0,21.7,5634176.118217065,40.2,74.7,0.76,0,0,85,Strong Accumulation
BA,BA,2026-01-29 05:00:00+00:00,10374398.0,227.72,-241187105.4308909,6.75,52.6,1.22,1,1,80,Strong Accumulation
BAC,BAC,2026-01-29 05:00:00+00:00,1173497845.0,-4.99,675622904.4172659,-8.45,43.6,0.82,0,1,40,Distribution
BALL,BALL,2026-01-29 05:00:00+00:00,13874761.0,4732.64,-242178.16955115652,95.9,65.4,0.73,0,0,80,Strong Accumulation
BAX,BAX,2026-01-29 05:00:00+00:00,-110515017.0,21.62,-108224230.21004547,3.18,39.0,0.67,0,0,60,Accumulation
BBWI,BBWI,2026-01-29 05:00:00+00:00,-193340155.0,6.95,-125549235.10271859,1.87,54.7,0.78,0,0,60,Accumulation
BBY,BBY,2026-01-29 05:00:00+00:00,-20874114.0,-187.21,-36601803.87720178,2.08,25.6,0.81,0,0,30,Distribution
BDX,BDX,2026-01-29 05:00:00+00:00,-61297098.0,-9.18,26914877.817760963,14.14,43.2,1.08,1,1,55,Accumulation
BEN,BEN,2026-01-29 05:00:00+00:00,4862031.0,115.03,-17742841.89703234,8.15,77.7,1.11,0,0,80,Strong Accumulation
BF-B,BF-B,2026-01-29 05:00:00+00:00,-93046902.0,11.92,-144754270.78719857,0.65,67.9,0.8,0,0,65,Accumulation
BG,BG,2026-01-29 05:00:00+00:00,-24998040.0,45.83,8493566.388031386,196.6,100.0,0.74,0,0,85,Strong Accumulation
BIIB,BIIB,2026-01-29 05:00:00+00:00,-10460240.0,7.31,-17154258.638801042,23.78,32.6,0.71,0,0,75,Strong Accumulation
BIO,BIO,2026-01-29 05:00:00+00:00,-8938436.0,-13.03,-1649362.4880425474,8.29,34.7,1.01,0,2,45,Neutral
BK,BK,2026-01-29 05:00:00+00:00,352421031.0,2.62,180346744.39616877,4.9,58.9,0.78,0,1,50,Neutral
BKNG,BKNG,2026-01-29 05:00:00+00:00,8924698.0,-8.7,5143796.423146821,8.05,39.1,0.94,0,1,50,Neutral
BKR,BKR,2026-01-29 05:00:00+00:00,347969254.0,31.57,170586489.5443937,6.99,88.0,1.42,1,1,85,Strong Accumulation
BLDR,BLDR,2026-01-29 05:00:00+00:00,-41743744.0,-5.34,-20251862.550976895,-20.44,51.9,0.86,0,1,25,Strong Distribution
BLK,BLK,2026-01-29 05:00:00+00:00,14431448.0,48.21,11212747.1906129,14.88,58.7,0.88,0,1,80,Strong Accumulation
BMY,BMY,2026-01-29 05:00:00+00:00,248921893.0,-9.03,-175292105.33949938,3.71,41.4,0.87,0,0,40,Distribution
BR,BR,2026-01-29 05:00:00+00:00,-1688833.0,-127.4,5180517.466759302,-22.33,19.2,1.08,1,2,15,Strong Distribution
BRK-B,BRK-B,2026-01-29 05:00:00+00:00,128179973.0,-16.69,100330174.63687207,-7.0,22.3,1.12,0,0,20,Strong Distribution
BRO,BRO,2026-01-29 05:00:00+00:00,-4178027.0,30.24,41643585.86430056,8.39,38.4,1.2,1,1,80,Strong Accumulation
BSX,BSX,2026-01-29 05:00:00+00:00,183439719.0,-10.77,248271442.2258107,11.27,48.2,1.11,0,2,50,Neutral
BWA,BWA,2026-01-29 05:00:00+00:00,19497774.0,26.95,64496354.36925203,15.23,61.3,0.7,0,0,80,Strong Accumulation
BX,BX,2026-01-29 05:00:00+00:00,-78840345.0,-21.52,47649752.54472647,-3.87,24.5,1.16,0,1,30,Distribution
BXP,BXP,2026-01-29 05:00:00+00:00,-5811034.0,32.33,28195364.307392854,11.31,31.4,1.38,2,2,85,Strong Accumulation
C,C,2026-01-29 05:00:00+00:00,971768294.0,-3.59,637696732.8841639,-4.42,49.5,0.85,0,0,50,Neutral
CAG,CAG,2026-01-29 05:00:00+00:00,-244571052.0,11.06,-206142719.31252533,3.68,71.7,1.0,0,0,70,Strong Accumulation
CAH,CAH,2026-01-29 05:00:00+00:00,163264389.0,-1.97,109165786.19302891,-1.89,52.5,0.98,0,0,50,Neutral
CARR,CARR,2026-01-29 05:00:00+00:00,-69580945.0,8.67,-53362751.996480204,41.86,71.9,1.18,1,1,80,Strong Accumulation
CAT,CAT,2026-01-29 05:00:00+00:00,138325858.0,22.17,66328642.2165036,16.52,70.8,1.11,0,0,85,Strong Accumulation
CB,CB,2026-01-29 05:00:00+00:00,73014652.0,-1.96,27432846.813494083,-5.4,38.3,0.88,0,0,40,Distribution
CBOE,CBOE,2026-01-29 05:00:00+00:00,28871500.0,28.35,15031510.330869278,24.08,66.9,0.96,0,1,80,Strong Accumulation
CBRE,CBRE,2026-01-29 05:00:00+00:00,67471999.0,4.45,41522768.01669452,2.65,50.3,0.81,0,0,50,Neutral
CCI,CCI,2026-01-29 05:00:00+00:00,36698964.0,-5.39,17055712.078977726,-15.81,52.5,0.96,0,0,25,Strong Distribution
CCL,CCL,2026-01-29 05:00:00+00:00,814936859.0,7.54,468793436.57420665,3.3,45.8,1.11,1,1,60,Accumulation
CDNS,CDNS,2026-01-29 05:00:00+00:00,-499013.0,-110.39,14070822.572698662,-1.74,51.3,1.0,0,1,35,Distribution
CDW,CDW,2026-01-29 05:00:00+00:00,-3306295.0,59.01,-27572760.68095894,-12.11,43.8,1.03,0,0,50,Neutral
CE,CE,2026-01-29 05:00:00+00:00,-32697329.0,19.97,-51332091.89347079,11.14,61.6,0.7,0,0,80,Strong Accumulation
CEG,CEG,2026-01-29 05:00:00+00:00,83339881.0,-29.36,4600016.688660349,-80.0,34.9,1.0,0,3,20,Strong Distribution
CF,CF,2026-01-29 05:00:00+00:00,80039144.0,40.88,4339784.669090909,11.3,77.4,0.68,0,0,80,Strong Accumulation
CFG,CFG,2026-01-29 05:00:00+00:00,240303693.0,11.31,141932625.16084102,1.57,54.2,0.74,0,2,65,Accumulation
CHD,CHD,2026-01-29 05:00:00+00:00,74816679.0,38.47,26434700.904035248,127.39,74.9,0.87,0,2,85,Strong Accumulation
CHRW,CHRW,2026-01-29 05:00:00+00:00,63290449.0,24.84,41699267.21970542,55.59,83.6,1.38,1,2,90,Strong Accumulation
CHTR,CHTR,2026-01-29 05:00:00+00:00,-75725522.0,2.64,-67609059.39425574,-5.69,43.7,1.17,0,0,40,Distribution
CI,CI,2026-01-29 05:00:00+00:00,5656923.0,-36.08,10706111.531719826,-13.34,47.0,1.02,0,0,20,Strong Distribution
CINF,CINF,2026-01-29 05:00:00+00:00,39185482.0,-2.04,9192114.457917178,-8.77,42.6,1.06,0,0,40,Distribution
CL,CL,2026-01-29 05:00:00+00:00,69478097.0,225.5,99102926.37585588,96.26,76.8,0.83,0,0,85,Strong Accumulation
CLX,CLX,2026-01-29 05:00:00+00:00,-9848952.0,61.23,-12198084.50120922,43.68,59.6,0.92,0,0,80,Strong Accumulation
CMCSA,CMCSA,2026-01-29 05:00:00+00:00,-169090056.0,56.71,-235973760.6007894,21.65,60.7,1.21,0,0,85,Strong Accumulation
CME,CME,2026-01-29 05:00:00+00:00,121825440.0,9.15,68409068.73954175,8.67,80.6,0.83,0,0,75,Strong Accumulation
CMG,CMG,2026-01-29 05:00:00+00:00,-424794061.0,6.41,-59511762.02485353,-9.37,51.9,0.85,0,0,50,Neutral
CMI,CMI,2026-01-29 05:00:00+00:00,95971482.0,7.8,15135601.15398682,24.43,70.5,0.96,0,1,80,Strong Accumulation
CMS,CMS,2026-01-29 05:00:00+00:00,131077335.0,4.47,71769739.18809634,4.21,58.3,1.19,1,1,50,Neutral
CNC,CNC,2026-01-29 05:00:00+00:00,-34114111.0,49.15,-240032990.59437174,9.41,42.0,1.1,1,1,75,Strong Accumulation
CNP,CNP,2026-01-29 05:00:00+00:00,178911026.0,2.01,117511732.94158971,11.0,69.9,1.12,0,1,65,Accumulation
COF,COF,2026-01-29 05:00:00+00:00,168504097.0,1.94,20146527.369644616,-47.02,31.4,1.14,1,3,35,Distribution
COO,COO,2026-01-29 05:00:00+00:00,11558345.0,-42.5,1296314.00839872,-26.31,45.4,0.66,0,0,15,Strong Distribution
COP,COP,2026-01-29 05:00:00+00:00,-84959707.0,29.14,-184516437.73700154,-18.37,65.2,0.92,0,1,50,Neutral
COR,COR,2026-01-29 05:00:00+00:00,61310970.0,15.88,33633826.22933838,10.2,59.5,0.9,0,0,80,Strong Accumulation
COST,COST,2026-01-29 05:00:00+00:00,-11469373.0,60.43,86824317.49251704,18.76,79.0,0.72,0,0,85,Strong Accumulation
CPAY,CPAY,2026-01-29 05:00:00+00:00,6573368.0,37.86,3438412.729100418,54.4,50.0,0.73,0,0,80,Strong Accumulation
CPB,CPB,2026-01-29 05:00:00+00:00,-199326886.0,2.71,-102456733.77784888,6.72,62.8,0.92,0,0,60,Accumulation
CPRT,CPRT,2026-01-29 05:00:00+00:00,-143021957.0,13.72,-107566165.83515057,15.68,73.5,0.74,0,0,85,Strong Accumulation
CPT,CPT,2026-01-29 05:00:00+00:00,37933357.0,13.44,11099865.020361565,1.86,45.4,0.75,0,0,65,Accumulation
CRL,CRL,2026-01-29 05:00:00+00:00,-24592350.0,0.55,14950776.781815756,12.98,60.1,0.67,0,0,60,Accumulation
CRM,CRM,2026-01-29 05:00:00+00:00,83741502.0,-50.45,103138951.3638564,-28.66,24.1,1.15,0,1,15,Strong Distribution
CSCO,CSCO,2026-01-29 05:00:00+00:00,1131583606.0,-2.98,522060368.2431855,5.2,45.4,0.97,0,0,60,Accumulation
CSGP,CSGP,2026-01-29 05:00:00+00:00,73276638.0,40.67,3692105.403584998,-81.75,66.7,1.0,1,3,50,Neutral
CSX,CSX,2026-01-29 05:00:00+00:00,239990520.0,31.59,119857505.2026116,20.85,55.9,0.99,0,0,80,Strong Accumulation
CTAS,CTAS,2026-01-29 05:00:00+00:00,21261788.0,-10.44,16079888.75198042,-2.5,43.8,0.8,0,0,35,Distribution
CTRA,CTRA,2026-01-29 05:00:00+00:00,246006197.0,69.35,-65802103.457984515,-128.66,69.2,0.76,0,1,50,Neutral
CTSH,CTSH,2026-01-29 05:00:00+00:00,88929506.0,-24.18,-25481617.012786902,-52.18,29.8,0.89,0,1,15,Strong Distribution
CTVA,CTVA,2026-01-29 05:00:00+00:00,63444009.0,151.96,113022673.51796418,17.08,76.6,1.0,0,1,85,Strong Accumulation
CVS,CVS,2026-01-29 05:00:00+00:00,283064454.0,20.8,128478110.49047641,23.86,38.8,1.67,1,1,90,Strong Accumulation
CVX,CVX,2026-01-29 05:00:00+00:00,351992766.0,49.8,-44999255.0822056,-127.83,81.6,0.86,0,2,55,Accumulation
CZR,CZR,2026-01-29 05:00:00+00:00,-224866073.0,-5.84,-167227791.01544675,-8.23,39.9,1.01,0,0,30,Distribution
D,D,2026-01-29 05:00:00+00:00,200828389.0,18.8,104159533.13995445,13.54,83.3,0.71,0,0,85,Strong Accumulation
DAL,DAL,2026-01-29 05:00:00+00:00,-39378079.0,-745.83,138607233.3877627,-8.84,33.3,0.93,0,1,25,Strong Distribution
DAY,DAY,2026-01-29 05:00:00+00:00,43929875.0,-21.14,-10044992.126709338,-217.2,47.7,0.95,0,1,20,Strong Distribution
DD,DD,2026-01-29 05:00:00+00:00,113314949.0,30.16,-5490250.916222051,13.95,49.6,0.7,0,1,80,Strong Accumulation
DE,DE,2026-01-29 05:00:00+00:00,378912.0,107.05,18085951.12031257,39.13,58.9,0.83,0,0,80,Strong Accumulation
DECK,DECK,2026-01-29 05:00:00+00:00,-51658881.0,-11.12,-82477946.79718019,2.1,45.4,1.19,1,1,35,Distribution
DG,DG,2026-01-29 05:00:00+00:00,-25380321.0,23.76,35970039.81386195,6.84,36.1,0.74,0,0,75,Strong Accumulation
DGX,DGX,2026-01-29 05:00:00+00:00,4693556.0,-40.57,4057755.7487537377,28.48,47.2,0.65,0,0,45,Neutral
DHI,DHI,2026-01-29 05:00:00+00:00,-41608060.0,3.59,29561046.70189307,51.17,60.5,0.77,0,1,65,Accumulation
DHR,DHR,2026-01-29 05:00:00+00:00,-18136461.0,-259.94,-51278954.40076476,-6.33,42.2,1.45,1,1,30,Distribution
DIS,DIS,2026-01-29 05:00:00+00:00,73438260.0,22.52,264706975.50510058,2.4,50.1,0.98,0,0,65,Accumulation
DLR,DLR,2026-01-29 05:00:00+00:00,21385202.0,99.35,33431856.17176792,1.63,65.6,0.89,0,0,65,Accumulation
DLTR,DLTR,2026-01-29 05:00:00+00:00,9289285.0,-12.12,-19964449.846828986,2.93,26.9,1.13,0,0,30,Distribution
DOC,DOC,2026-01-29 05:00:00+00:00,26476207.0,171.82,-41301028.46228092,50.77,56.8,0.94,0,0,80,Strong Accumulation
DOV,DOV,2026-01-29 05:00:00+00:00,-12537856.0,16.42,2769533.3609370277,70.29,56.6,1.16,1,1,80,Strong Accumulation
DOW,DOW,2026-01-29 05:00:00+00:00,-319795267.0,-6.78,-269552709.0335528,14.05,40.2,1.19,0,0,55,Accumulation
DPZ,DPZ,2026-01-29 05:00:00+00:00,-8749260.0,-15.11,-6391601.343041807,3.74,49.9,1.0,0,1,35,Distribution
DRI,DRI,2026-01-29 05:00:00+00:00,15424020.0,148.23,6129141.377552768,493.22,61.1,0.71,0,0,80,Strong Accumulation
DTE,DTE,2026-01-29 05:00:00+00:00,103326034.0,12.88,35330426.17345359,17.91,71.7,0.88,0,0,85,Strong Accumulation
DUK,DUK,2026-01-29 05:00:00+00:00,98060725.0,12.62,109232792.77011377,12.52,67.0,1.13,0,0,80,Strong Accumulation
DVA,DVA,2026-01-29 05:00:00+00:00,315400.0,-90.84,12710355.540397815,11.33,34.7,0.87,0,1,50,Neutral
DVN,DVN,2026-01-29 05:00:00+00:00,7175693.0,139.29,-193906008.76511195,-20.73,63.0,0.89,0,1,50,Neutral
DXCM,DXCM,2026-01-29 05:00:00+00:00,18369410.0,222.83,-45877056.549585156,37.7,74.7,0.91,0,2,85,Strong Accumulation
EA,EA,2026-01-29 05:00:00+00:00,117917869.0,2.78,-552357.6540588476,-127.73,51.7,0.99,0,0,35,Distribution
EBAY,EBAY,2026-01-29 05:00:00+00:00,241093525.0,9.1,118507249.07154855,2.64,62.2,0.8,0,0,60,Accumulation
ECL,ECL,2026-01-29 05:00:00+00:00,79183755.0,11.66,63732967.58571491,12.67,70.2,0.86,0,0,85,Strong Accumulation
ED,ED,2026-01-29 05:00:00+00:00,68696133.0,16.83,37322481.008509785,27.84,65.9,0.77,0,1,80,Strong Accumulation
EFX,EFX,2026-01-29 05:00:00+00:00,-28037136.0,-12.78,-11815475.887354575,-11.56,43.2,1.05,1,1,20,Strong Distribution
EG,EG,2026-01-29 05:00:00+00:00,4926200.0,-9.15,-4087481.7776973555,-8.12,40.9,0.75,0,0,30,Distribution
EIX,EIX,2026-01-29 05:00:00+00:00,38053868.0,8.71,31861844.925119247,19.89,59.4,0.78,0,0,75,Strong Accumulation
EL,EL,2026-01-29 05:00:00+00:00,-106155362.0,7.31,-62031220.97648861,6.79,42.1,0.83,0,0,70,Strong Accumulation
ELV,ELV,2026-01-29 05:00:00+00:00,4576785.0,235.71,-437375.5049799752,83.68,52.7,1.81,2,2,90,Strong Accumulation
EMN,EMN,2026-01-29 05:00:00+00:00,-56858024.0,8.88,-25705646.230862293,19.31,68.3,1.03,0,0,75,Strong Accumulation
EMR,EMR,2026-01-29 05:00:00+00:00,152247397.0,22.8,113482873.4561277,5.93,75.0,0.99,0,1,80,Strong Accumulation
ENPH,ENPH,2026-01-29 05:00:00+00:00,-192069567.0,0.87,-283720314.2084697,-0.79,59.8,1.03,0,1,50,Neutral
EOG,EOG,2026-01-29 05:00:00+00:00,79602281.0,31.08,-6440313.8335739495,-2884.91,78.2,1.21,0,0,60,Accumulation
EPAM,EPAM,2026-01-29 05:00:00+00:00,30038025.0,0.74,3209158.0522997705,13.81,53.8,0.98,0,0,65,Accumulation
EQIX,EQIX,2026-01-29 05:00:00+00:00,529538.0,199.5,2336623.628991426,237.44,54.6,1.02,0,1,80,Strong Accumulation
EQR,EQR,2026-01-29 05:00:00+00:00,47660350.0,-9.31,6418974.3758455105,-36.29,56.6,1.09,0,1,25,Strong Distribution
EQT,EQT,2026-01-29 05:00:00+00:00,159140662.0,33.3,105642131.7939588,22.11,76.0,0.87,0,2,85,Strong Accumulation
ES,ES,2026-01-29 05:00:00+00:00,145216198.0,6.45,61390915.200061314,4.6,63.8,0.95,0,0,60,Accumulation
ESS,ESS,2026-01-29 05:00:00+00:00,10843733.0,-17.14,3156528.1275717965,-16.76,34.0,0.81,0,0,20,Strong Distribution
ETN,ETN,2026-01-29 05:00:00+00:00,45214086.0,46.34,63277386.48143854,6.83,59.4,1.04,0,0,75,Strong Accumulation
ETR,ETR,2026-01-29 05:00:00+00:00,153059750.0,1.71,137148871.49275514,3.69,68.7,0.99,0,0,50,Neutral
ETSY,ETSY,2026-01-29 05:00:00+00:00,40783682.0,29.01,-43312526.380862966,-19.66,46.7,0.84,0,0,50,Neutral
EVRG,EVRG,2026-01-29 05:00:00+00:00,179361957.0,3.66,67986100.01345947,7.1,73.5,0.85,0,0,65,Accumulation
EW,EW,2026-01-29 05:00:00+00:00,9680639.0,-66.08,67947043.07525319,0.84,44.0,0.78,0,0,35,Distribution
EXC,EXC,2026-01-29 05:00:00+00:00,182402550.0,27.1,160088137.90942085,26.7,73.4,1.02,0,1,85,Strong Accumulation
EXPD,EXPD,2026-01-29 05:00:00+00:00,14358125.0,15.12,14984323.403242406,18.2,52.3,0.88,0,1,80,Strong Accumulation
EXPE,EXPE,2026-01-29 05:00:00+00:00,65736270.0,-12.92,45157469.04386686,-4.51,27.6,1.11,0,0,30,Distribution
EXR,EXR,2026-01-29 05:00:00+00:00,-7919791.0,42.96,857515.3346587268,126.46,47.0,0.78,0,0,80,Strong Accumulation
F,F,2026-01-29 05:00:00+00:00,1208366007.0,-6.84,560445936.7577485,16.54,38.0,1.03,0,1,55,Accumulation
FANG,FANG,2026-01-29 05:00:00+00:00,60284280.0,8.44,-10894665.017776022,-36.79,63.1,0.91,0,0,45,Neutral
FAST,FAST,2026-01-29 05:00:00+00:00,101682349.0,43.49,184238128.30336893,38.71,57.2,0.8,0,2,80,Strong Accumulation
FCX,FCX,2026-01-29 05:00:00+00:00,525527285.0,83.07,2335726.4692812096,102.47,81.2,1.26,1,2,90,Strong Accumulation
FDS,FDS,2026-01-29 05:00:00+00:00,-8941774.0,-12.66,-9006358.194043484,-11.29,21.9,1.14,1,1,15,Strong Distribution
FDX,FDX,2026-01-29 05:00:00+00:00,52806590.0,19.37,31560989.284162432,15.38,56.1,0.87,0,0,80,Strong Accumulation
FE,FE,2026-01-29 05:00:00+00:00,169712593.0,11.44,99326759.15282327,34.02,81.0,0.87,0,1,85,Strong Accumulation
FFIV,FFIV,2026-01-29 05:00:00+00:00,33332978.0,12.01,8553668.779434089,-19.17,60.6,1.41,1,2,55,Accumulation
FICO,FICO,2026-01-29 05:00:00+00:00,3937624.0,-34.26,-1675040.2528310677,-32.03,24.6,1.34,0,0,20,Strong Distribution
FIS,FIS,2026-01-29 05:00:00+00:00,20177214.0,-65.43,57674561.71444673,-26.73,13.3,1.44,1,1,20,Strong Distribution
FITB,FITB,2026-01-29 05:00:00+00:00,76297625.0,83.18,86501776.69417426,35.51,46.8,1.08,0,2,80,Strong Accumulation
FMC,FMC,2026-01-29 05:00:00+00:00,-230373062.0,2.19,-117819010.58879726,7.35,46.9,0.81,0,0,60,Accumulation
FOX,FOX,2026-01-29 05:00:00+00:00,101626218.0,-5.99,23773498.052966125,-9.32,36.8,1.04,0,0,30,Distribution
FOXA,FOXA,2026-01-29 05:00:00+00:00,250750857.0,-4.0,59458062.51448076,-11.12,32.5,1.02,0,0,35,Distribution
FRT,FRT,2026-01-29 05:00:00+00:00,-2183557.0,14.13,-4800772.579685196,21.05,42.7,0.93,0,0,80,Strong Accumulation
FSLR,FSLR,2026-01-29 05:00:00+00:00,29029013.0,-25.79,-17197292.7145411,-116.02,39.1,1.12,1,2,20,Strong Distribution
FTNT,FTNT,2026-01-29 05:00:00+00:00,250388050.0,1.56,344169401.0907614,-3.98,44.4,1.01,0,0,50,Neutral
FTV,FTV,2026-01-29 05:00:00+00:00,-25041391.0,-40.93,24479733.351108156,8.18,44.8,0.87,0,1,45,Neutral
GD,GD,2026-01-29 05:00:00+00:00,36637201.0,48.99,21464196.65489187,19.48,50.9,1.06,0,1,80,Strong Accumulation
GDDY,GDDY,2026-01-29 05:00:00+00:00,37645796.0,-25.31,33158938.479874298,-23.73,22.2,0.95,0,0,15,Strong Distribution
GE,GE,2026-01-29 05:00:00+00:00,560686398.0,1.64,261942067.61899337,-4.51,53.4,1.18,0,3,50,Neutral
GEHC,GEHC,2026-01-29 05:00:00+00:00,2935866.0,-54.59,17258773.701699875,-15.98,23.0,0.75,0,1,15,Strong Distribution
GEN,GEN,2026-01-29 05:00:00+00:00,-21701206.0,-196.97,93814345.14998391,-14.3,31.7,1.43,1,1,25,Strong Distribution
GEV,GEV,2026-01-29 05:00:00+00:00,92445096.0,17.3,93296259.18787734,6.42,69.8,1.15,0,0,75,Strong Accumulation
GILD,GILD,2026-01-29 05:00:00+00:00,501410568.0,7.95,255477680.29144576,19.9,71.1,1.29,1,1,85,Strong Accumulation
GIS,GIS,2026-01-29 05:00:00+00:00,-89699531.0,-37.4,-150573957.24740323,-16.79,60.0,0.79,0,0,20,Strong Distribution
GL,GL,2026-01-29 05:00:00+00:00,53450541.0,-0.74,-4634451.509829242,-19.4,48.3,0.84,0,0,35,Distribution
GLW,GLW,2026-01-29 05:00:00+00:00,549513843.0,2.77,312371616.2609339,6.53,59.9,1.75,2,2,70,Strong Accumulation
GM,GM,2026-01-29 05:00:00+00:00,885925551.0,-1.66,157860117.60244608,13.88,39.6,1.27,1,1,70,Strong Accumulation
GNRC,GNRC,2026-01-29 05:00:00+00:00,26734463.0,38.78,9661343.508803437,67.16,62.1,1.0,0,0,80,Strong Accumulation
GOOG,GOOG,2026-01-29 05:00:00+00:00,1684246674.0,9.86,513167019.23851866,-2.89,58.5,0.93,0,0,60,Accumulation
GOOGL,GOOGL,2026-01-29 05:00:00+00:00,2314271482.0,9.7,904986074.6579984,-2.21,56.4,0.92,0,0,60,Accumulation
GPC,GPC,2026-01-29 05:00:00+00:00,6264570.0,203.04,16062068.657459337,144.29,79.4,0.93,0,0,85,Strong Accumulation
GPN,GPN,2026-01-29 05:00:00+00:00,-41142123.0,18.11,-73104721.26699515,-7.28,23.7,0.61,0,2,45,Neutral
GRMN,GRMN,2026-01-29 05:00:00+00:00,45725553.0,8.91,38999815.7315707,5.03,63.0,0.85,0,0,70,Strong Accumulation
GS,GS,2026-01-29 05:00:00+00:00,111287152.0,6.14,52672124.92613136,8.76,63.1,0.99,0,0,70,Strong Accumulation
GWW,GWW,2026-01-29 05:00:00+00:00,2477035.0,142.61,6275009.521391625,13.34,70.5,1.05,0,0,85,Strong Accumulation
HAL,HAL,2026-01-29 05:00:00+00:00,381567731.0,39.62,-151188389.3351379,-47.95,61.6,0.88,0,2,50,Neutral
HAS,HAS,2026-01-29 05:00:00+00:00,83101629.0,7.8,55687617.637429096,20.16,59.0,0.82,0,0,75,Strong Accumulation
HBAN,HBAN,2026-01-29 05:00:00+00:00,547892342.0,-13.59,536688864.01937276,-7.18,30.1,1.13,0,1,25,Strong Distribution
HCA,HCA,2026-01-29 05:00:00+00:00,83368198.0,6.61,71681148.34524122,0.8,53.4,1.37,1,1,65,Accumulation
HD,HD,2026-01-29 05:00:00+00:00,-69987788.0,17.22,69289584.48665577,34.17,60.7,0.84,0,0,80,Strong Accumulation
HIG,HIG,2026-01-29 05:00:00+00:00,118303674.0,-3.45,30141335.76233755,1.42,33.9,0.87,0,0,50,Neutral
HII,HII,2026-01-29 05:00:00+00:00,27386993.0,34.0,1342524.5456584194,249.03,69.7,0.74,0,0,80,Strong Accumulation
HLT,HLT,2026-01-29 05:00:00+00:00,72695289.0,15.92,51796846.47846209,8.83,56.3,1.04,0,0,75,Strong Accumulation
HOLX,HOLX,2026-01-29 05:00:00+00:00,30878439.0,2.71,-25259016.162940796,2.77,36.0,1.15,1,1,50,Neutral
HON,HON,2026-01-29 05:00:00+00:00,16726629.0,180.36,13122392.240227204,196.14,72.0,0.94,0,1,85,Strong Accumulation
HPE,HPE,2026-01-29 05:00:00+00:00,1141740876.0,-4.08,180576027.0537389,-27.67,63.1,0.71,0,0,35,Distribution
HPQ,HPQ,2026-01-29 05:00:00+00:00,-109469374.0,-1369.7,-167629470.20994452,-73.01,27.3,0.91,0,0,15,Strong Distribution
HRL,HRL,2026-01-29 05:00:00+00:00,-4306458.0,25.7,21418734.154726714,33.18,66.9,0.86,0,0,80,Strong Accumulation
HSIC,HSIC,2026-01-29 05:00:00+00:00,6162159.0,-13.22,-25534012.56699345,6.09,36.7,0.81,0,0,45,Neutral
HST,HST,2026-01-29 05:00:00+00:00,59612011.0,40.58,-93593219.53627032,8.29,56.3,1.22,0,0,80,Strong Accumulation
HSY,HSY,2026-01-29 05:00:00+00:00,36367447.0,21.36,-12636041.221841682,-37.66,55.4,0.88,0,1,50,Neutral
HUBB,HUBB,2026-01-29 05:00:00+00:00,7768743.0,90.62,6019039.284056687,15.69,74.4,0.91,0,0,85,Strong Accumulation
HUM,HUM,2026-01-29 05:00:00+00:00,-19368341.0,-282.27,5261164.958263422,-72.19,7.2,2.51,2,2,25,Strong Distribution
HWM,HWM,2026-01-29 05:00:00+00:00,197589698.0,0.02,159036995.5230516,-4.61,42.1,1.26,0,0,55,Accumulation
IBM,IBM,2026-01-29 05:00:00+00:00,254138010.0,6.84,260186175.9765669,-1.1,58.9,1.05,1,1,60,Accumulation
ICE,ICE,2026-01-29 05:00:00+00:00,84593405.0,51.4,68948828.23193507,9.87,69.4,0.88,0,0,75,Strong Accumulation
IDXX,IDXX,2026-01-29 05:00:00+00:00,-1956000.0,21.76,6505938.38463186,19.36,52.5,0.91,0,0,80,Strong Accumulation
IEX,IEX,2026-01-29 05:00:00+00:00,-26151136.0,13.12,-10516885.937689349,26.3,73.2,1.04,0,0,85,Strong Accumulation
IFF,IFF,2026-01-29 05:00:00+00:00,12593601.0,161.56,7437804.783532064,46.63,71.5,0.95,0,0,85,Strong Accumulation
ILMN,ILMN,2026-01-29 05:00:00+00:00,34866075.0,23.9,31551311.43590942,49.54,55.9,1.12,0,0,80,Strong Accumulation
INCY,INCY,2026-01-29 05:00:00+00:00,117104789.0,7.39,84760297.41057467,7.64,40.1,0.81,0,0,70,Strong Accumulation
INTC,INTC,2026-01-29 05:00:00+00:00,1893626451.0,45.66,-1794969787.2034957,13.62,76.4,1.23,1,5,90,Strong Accumulation
INTU,INTU,2026-01-29 05:00:00+00:00,-25581355.0,-7459.42,8098636.961624042,-45.01,19.6,1.15,1,3,15,Strong Distribution
INVH,INVH,2026-01-29 05:00:00+00:00,-35367397.0,-103.43,-36424781.27120905,-32.72,46.9,0.77,0,1,20,Strong Distribution
IP,IP,2026-01-29 05:00:00+00:00,73312055.0,-14.52,267383825.66045052,-5.51,45.1,1.73,3,4,35,Distribution
IPG,IPG,2025-11-26 05:00:00+00:00,-82978038.0,-279.33,-156849669.10684627,-80.56,24.6,2.38,2,2,25,Strong Distribution
IQV,IQV,2026-01-29 05:00:00+00:00,-27475291.0,-20.13,27956620.57476022,5.23,38.1,0.93,0,0,45,Neutral
IR,IR,2026-01-29 05:00:00+00:00,-4493525.0,61.56,22779572.670751497,81.81,49.6,1.28,1,3,85,Strong Accumulation
IRM,IRM,2026-01-29 05:00:00+00:00,131509368.0,17.69,88959254.27592838,10.0,67.2,0.71,0,0,80,Strong Accumulation
ISRG,ISRG,2026-01-29 05:00:00+00:00,32921991.0,-35.3,45588117.625481315,-10.25,28.8,1.06,0,1,15,Strong Distribution
IT,IT,2026-01-29 05:00:00+00:00,-6125076.0,-31.48,651946.792999669,-86.65,29.8,1.03,0,0,15,Strong Distribution
ITW,ITW,2026-01-29 05:00:00+00:00,4693436.0,197.37,19281331.22714647,35.98,72.6,0.75,0,1,85,Strong Accumulation
IVZ,IVZ,2026-01-29 05:00:00+00:00,391358862.0,8.93,91597101.07549767,16.0,49.6,1.2,1,1,75,Strong Accumulation
J,J,2026-01-29 05:00:00+00:00,16687101.0,-8.67,14115138.456230128,6.34,41.6,0.84,0,0,50,Neutral
JBHT,JBHT,2026-01-29 05:00:00+00:00,-11002456.0,4.85,842502.2784831849,226.87,43.7,0.87,0,1,65,Accumulation
JBL,JBL,2026-01-29 05:00:00+00:00,69287242.0,6.38,30011349.266276866,9.36,68.1,0.81,0,0,70,Strong Accumulation
JCI,JCI,2026-01-29 05:00:00+00:00,309730207.0,-1.03,162512412.35253114,4.96,56.9,0.68,0,1,45,Neutral
JKHY,JKHY,2026-01-29 05:00:00+00:00,4902350.0,-3.41,8341831.556958883,-18.42,39.0,1.28,0,0,40,Distribution
JNJ,JNJ,2026-01-29 05:00:00+00:00,475018542.0,8.73,393143175.9800078,14.7,75.5,0.85,0,0,80,Strong Accumulation
JPM,JPM,2026-01-29 05:00:00+00:00,522263932.0,-2.02,388586938.2464225,-7.27,48.0,0.87,0,1,40,Distribution
K,K,2025-12-10 05:00:00+00:00,135320678.0,-12.23,53272242.76561654,-27.32,37.3,2.39,1,3,30,Distribution
KDP,KDP,2026-01-29 05:00:00+00:00,-165260711.0,-30.19,75764592.01457283,-2.78,35.7,0.98,0,0,35,Distribution
KEY,KEY,2026-01-29 05:00:00+00:00,394122271.0,2.14,385780131.80542934,4.94,47.2,0.97,0,0,50,Neutral
KEYS,KEYS,2026-01-29 05:00:00+00:00,48999135.0,9.21,36980748.15122989,4.04,68.3,1.0,0,0,60,Accumulation
KHC,KHC,2026-01-29 05:00:00+00:00,-42781071.0,-2216.75,-25883246.827756025,-59.29,55.5,0.99,0,1,20,Strong Distribution
KIM,KIM,2026-01-29 05:00:00+00:00,-32015626.0,13.76,32726002.73147904,80.25,48.3,1.15,1,1,80,Strong Accumulation
KKR,KKR,2026-01-29 05:00:00+00:00,-102367892.0,-12.08,24526083.896112904,-37.39,14.2,1.28,1,1,20,Strong Distribution
KLAC,KLAC,2026-01-29 05:00:00+00:00,57980469.0,24.55,34335851.99998605,17.25,79.5,1.04,0,0,85,Strong Accumulation
KMB,KMB,2026-01-29 05:00:00+00:00,-113335858.0,-20.89,-98251049.2093804,-12.82,45.6,1.12,0,0,20,Strong Distribution
KMI,KMI,2026-01-29 05:00:00+00:00,619600578.0,17.91,408178399.8955049,6.68,76.2,1.06,0,1,80,Strong Accumulation
KMX,KMX,2026-01-29 05:00:00+00:00,-81161425.0,28.54,4488399.481570403,132.88,61.1,0.78,0,0,80,Strong Accumulation
KO,KO,2026-01-29 05:00:00+00:00,135466667.0,-7.01,425217102.8103321,13.66,79.5,0.85,0,0,60,Accumulation
KR,KR,2026-01-29 05:00:00+00:00,24911763.0,-31.58,44745179.00836531,48.92,63.7,0.87,0,0,50,Neutral
KVUE,KVUE,2026-01-29 05:00:00+00:00,-460251471.0,-18.38,-807862314.4795285,2.3,54.3,1.15,0,1,35,Distribution
L,L,2026-01-29 05:00:00+00:00,49681476.0,-2.95,16646015.874292903,2.1,24.1,0.7,0,0,45,Neutral
LDOS,LDOS,2026-01-29 05:00:00+00:00,53704387.0,0.27,55552051.42161576,0.81,33.5,0.69,0,1,45,Neutral
LEN,LEN,2026-01-29 05:00:00+00:00,-73673790.0,15.97,-8289470.291735731,33.32,51.2,0.66,0,0,75,Strong Accumulation
LH,LH,2026-01-29 05:00:00+00:00,11553778.0,147.59,11081126.443252593,60.32,55.5,0.77,0,1,80,Strong Accumulation
LHX,LHX,2026-01-29 05:00:00+00:00,33455672.0,49.57,7514225.59884496,5.27,72.6,0.79,0,3,80,Strong Accumulation
LIN,LIN,2026-01-29 05:00:00+00:00,-11908073.0,32.81,31969794.21421513,75.62,47.2,0.91,0,0,80,Strong Accumulation
LKQ,LKQ,2026-01-29 05:00:00+00:00,40298880.0,-7.38,-19560749.081427522,4.72,56.6,1.07,1,1,40,Distribution
LLY,LLY,2026-01-29 05:00:00+00:00,183686289.0,-0.85,47385858.635367155,11.61,27.4,0.83,0,0,60,Accumulation
LMT,LMT,2026-01-29 05:00:00+00:00,58574216.0,76.92,17788923.474400137,38.39,89.3,0.82,0,3,85,Strong Accumulation
LNT,LNT,2026-01-29 05:00:00+00:00,95751905.0,12.87,46700475.187325396,15.12,53.1,1.21,1,1,85,Strong Accumulation
LOW,LOW,2026-01-29 05:00:00+00:00,65844550.0,46.54,37577487.675300814,28.81,67.3,0.82,0,0,80,Strong Accumulation
LRCX,LRCX,2026-01-29 05:00:00+00:00,476819972.0,19.28,197932494.08066183,23.95,66.7,0.95,0,0,80,Strong Accumulation
LULU,LULU,2026-01-29 05:00:00+00:00,-38917096.0,-6.51,-122156224.53675213,-14.77,25.7,0.86,0,0,20,Strong Distribution
LUV,LUV,2026-01-29 05:00:00+00:00,536498239.0,7.78,14313487.458998527,15.35,52.8,1.33,1,1,80,Strong Accumulation
LVS,LVS,2026-01-29 05:00:00+00:00,143431444.0,-0.95,-126378569.08271128,-50.2,42.0,1.2,1,1,40,Distribution
LW,LW,2026-01-29 05:00:00+00:00,-15056536.0,55.92,-34942934.82173653,28.6,73.3,1.05,0,0,85,Strong Accumulation
LYB,LYB,2026-01-29 05:00:00+00:00,-134693822.0,8.13,-125545461.0399614,9.58,45.3,1.0,0,0,70,Strong Accumulation
LYV,LYV,2026-01-29 05:00:00+00:00,67634802.0,-4.37,74980542.30578122,0.41,53.6,0.92,1,2,50,Neutral
MA,MA,2026-01-29 05:00:00+00:00,70302150.0,-14.75,95523509.00433692,2.68,23.0,1.12,0,1,30,Distribution
MAA,MAA,2026-01-29 05:00:00+00:00,-3610629.0,-21.99,593250.3165325738,-42.85,40.1,0.63,0,0,15,Strong Distribution
MAR,MAR,2026-01-29 05:00:00+00:00,21479775.0,2.34,29303656.715025447,11.7,47.4,0.87,0,0,65,Accumulation
MAS,MAS,2026-01-29 05:00:00+00:00,-17867568.0,-26.67,6466516.076238058,-20.73,47.7,0.94,0,0,20,Strong Distribution
MCD,MCD,2026-01-29 05:00:00+00:00,19648766.0,105.35,101678129.91854604,13.68,76.9,0.86,0,0,85,Strong Accumulation
MCHP,MCHP,2026-01-29 05:00:00+00:00,-18730025.0,62.9,-31143659.764121417,36.6,60.5,0.98,0,1,80,Strong Accumulation
MCK,MCK,2026-01-29 05:00:00+00:00,41494624.0,2.77,34110741.20806329,-1.9,56.1,0.94,0,0,50,Neutral
MCO,MCO,2026-01-29 05:00:00+00:00,25550854.0,-0.9,16244380.3044449,-3.3,45.3,0.78,0,0,50,Neutral
MDLZ,MDLZ,2026-01-29 05:00:00+00:00,-134400377.0,20.16,-6529128.355452495,80.07,69.7,0.92,0,0,80,Strong Accumulation
MDT,MDT,2026-01-29 05:00:00+00:00,357999779.0,5.09,278347290.278539,5.07,49.8,0.98,0,0,70,Strong Accumulation
MET,MET,2026-01-29 05:00:00+00:00,177883854.0,-5.36,67065433.90612586,0.24,56.8,0.98,0,0,40,Distribution
META,META,2026-01-29 05:00:00+00:00,250111542.0,31.4,83508524.5331581,49.63,71.3,1.52,1,1,95,Strong Accumulation
MGM,MGM,2026-01-29 05:00:00+00:00,-125773085.0,-21.95,-111086570.11987461,-9.16,28.3,0.73,0,0,20,Strong Distribution
MHK,MHK,2026-01-29 05:00:00+00:00,-14551991.0,21.77,12099474.191628806,41.58,74.3,0.66,0,0,80,Strong Accumulation
MKC,MKC,2026-01-29 05:00:00+00:00,274387.0,-98.61,14231011.453098739,-33.58,40.7,0.98,0,2,20,Strong Distribution
MKTX,MKTX,2026-01-29 05:00:00+00:00,-13984059.0,8.4,-14362046.637709176,-12.64,54.9,0.67,0,0,40,Distribution
MLM,MLM,2026-01-29 05:00:00+00:00,7935308.0,46.93,9958949.458672369,16.95,53.9,0.68,0,0,75,Strong Accumulation
MMC,MMC,2026-01-28 05:00:00+00:00,12443069.0,-45.0,35037097.775778495,-0.05,30.6,1.21,0,0,40,Distribution
MMM,MMM,2026-01-29 05:00:00+00:00,197431427.0,-1.93,133036707.52350064,-5.58,37.7,1.0,0,3,40,Distribution
MNST,MNST,2026-01-29 05:00:00+00:00,198247610.0,18.54,36951294.40419544,28.02,75.0,0.86,0,0,85,Strong Accumulation
MO,MO,2026-01-29 05:00:00+00:00,541524951.0,-1.62,335082097.19924647,8.78,66.4,1.1,0,0,60,Accumulation
MOH,MOH,2026-01-29 05:00:00+00:00,-8069962.0,29.44,-16364883.042087018,20.32,52.2,1.25,1,1,85,Strong Accumulation
MOS,MOS,2026-01-29 05:00:00+00:00,-34867523.0,42.19,-68464353.13604835,1.16,59.3,0.72,0,1,65,Accumulation
MPC,MPC,2026-01-29 05:00:00+00:00,108960129.0,4.15,26892866.836967573,-29.19,52.1,0.85,0,1,35,Distribution
MPWR,MPWR,2026-01-29 05:00:00+00:00,12932626.0,124.26,-1164329.498192759,50.37,66.7,1.09,0,0,80,Strong Accumulation
MRK,MRK,2026-01-29 05:00:00+00:00,27334446.0,68.98,60458857.42747832,4.69,44.4,0.78,0,0,65,Accumulation
MRNA,MRNA,2026-01-29 05:00:00+00:00,-32164111.0,77.71,-88265878.85539848,36.02,65.1,0.93,0,2,80,Strong Accumulation
MS,MS,2026-01-29 05:00:00+00:00,428560669.0,0.94,148649734.52839395,-3.56,51.1,0.96,0,3,50,Neutral
MSCI,MSCI,2026-01-29 05:00:00+00:00,7615399.0,38.7,-2539065.583774661,29.94,72.1,1.26,1,1,90,Strong Accumulation
MSFT,MSFT,2026-01-29 05:00:00+00:00,360360562.0,-23.26,649179417.6261252,10.13,43.3,1.62,1,1,60,Accumulation
MSI,MSI,2026-01-29 05:00:00+00:00,22354463.0,19.18,6995345.670770206,21.68,78.0,0.8,0,0,85,Strong Accumulation
MTB,MTB,2026-01-29 05:00:00+00:00,39327536.0,0.18,29682515.285137262,13.11,55.6,0.95,0,0,65,Accumulation
MTCH,MTCH,2026-01-29 05:00:00+00:00,-46994568.0,-52.89,-12882021.700507052,-21.67,27.9,1.0,0,0,15,Strong Distribution
MTD,MTD,2026-01-29 05:00:00+00:00,771886.0,-29.37,1646463.1437612248,19.03,43.3,0.83,0,1,50,Neutral
MU,MU,2026-01-29 05:00:00+00:00,1251453943.0,38.09,267627961.75436383,104.15,86.2,1.02,0,0,85,Strong Accumulation
NCLH,NCLH,2026-01-29 05:00:00+00:00,170938660.0,-27.61,-94245141.41532116,-54.37,42.2,1.09,0,0,20,Strong Distribution
NDAQ,NDAQ,2026-01-29 05:00:00+00:00,245223826.0,-1.07,89217570.40407589,-2.98,67.5,1.05,0,0,50,Neutral
NDSN,NDSN,2026-01-29 05:00:00+00:00,1715554.0,143.35,-4016909.6197579606,49.2,75.9,0.95,0,0,85,Strong Accumulation
NEE,NEE,2026-01-29 05:00:00+00:00,493495438.0,25.34,348576167.6198367,13.02,100.0,1.15,0,0,85,Strong Accumulation
NEM,NEM,2026-01-29 05:00:00+00:00,549224631.0,11.74,553538175.5032946,11.86,62.0,1.21,0,0,85,Strong Accumulation
NFLX,NFLX,2026-01-29 05:00:00+00:00,390969200.0,-61.71,452060472.32763505,-24.28,28.1,0.87,0,2,15,Strong Distribution
NI,NI,2026-01-29 05:00:00+00:00,316383860.0,8.0,171935967.40097728,6.68,71.1,0.88,0,1,75,Strong Accumulation
NKE,NKE,2026-01-29 05:00:00+00:00,-214801264.0,-16.19,-270115031.0992413,3.92,38.0,0.72,0,0,35,Distribution
NOC,NOC,2026-01-29 05:00:00+00:00,35419924.0,45.3,14111591.8011291,11.86,79.0,0.89,0,2,85,Strong Accumulation
NOW,NOW,2026-01-29 05:00:00+00:00,14088195.0,-90.12,69320382.01226157,-37.95,19.4,1.56,1,1,25,Strong Distribution
NRG,NRG,2026-01-29 05:00:00+00:00,162489702.0,-4.82,60759102.58857316,1.74,53.4,0.85,0,0,50,Neutral
NSC,NSC,2026-01-29 05:00:00+00:00,20912891.0,-8.8,-5479982.7179481555,-37.05,55.9,0.86,0,1,25,Strong Distribution
NTAP,NTAP,2026-01-29 05:00:00+00:00,67206128.0,2.3,47777537.15909588,-11.95,52.2,1.01,0,1,35,Distribution
NTRS,NTRS,2026-01-29 05:00:00+00:00,79012881.0,14.15,43511435.48951034,6.79,61.5,1.07,0,1,75,Strong Accumulation
NUE,NUE,2026-01-29 05:00:00+00:00,10036723.0,109.77,-41315556.50101475,17.22,57.3,1.22,0,0,85,Strong Accumulation
NVDA,NVDA,2026-01-29 05:00:00+00:00,13575548754.0,2.87,14089521822.375103,-5.05,56.1,0.89,0,0,40,Distribution
NVR,NVR,2026-01-29 05:00:00+00:00,-476610.0,-28.81,-327687.02954078635,21.09,41.6,0.83,0,2,50,Neutral
NWS,NWS,2026-01-29 05:00:00+00:00,30612275.0,18.21,-16376944.370688893,-6.55,49.3,1.0,0,0,55,Accumulation
NWSA,NWSA,2026-01-29 05:00:00+00:00,-12568220.0,56.65,-60962753.71214199,6.71,54.1,0.99,0,0,75,Strong Accumulation
NXPI,NXPI,2026-01-29 05:00:00+00:00,-1448940.0,-249.82,5326820.9933624165,-17.28,48.2,1.08,0,0,20,Strong Distribution
O,O,2026-01-29 05:00:00+00:00,-10196698.0,72.12,9507920.95175407,131.6,70.9,0.85,0,0,85,Strong Accumulation
ODFL,ODFL,2026-01-29 05:00:00+00:00,16007323.0,15.66,-15797227.628953157,23.82,48.9,0.82,0,0,80,Strong Accumulation
OKE,OKE,2026-01-29 05:00:00+00:00,102786720.0,-1.67,32521491.398916215,-14.79,65.5,1.26,0,1,40,Distribution
OMC,OMC,2026-01-29 05:00:00+00:00,67235336.0,-4.73,-42407026.5453759,-20.65,41.1,0.97,0,0,35,Distribution
ON,ON,2026-01-29 05:00:00+00:00,-49526671.0,45.83,-149902767.63580298,-4.52,55.0,0.91,0,0,65,Accumulation
ORCL,ORCL,2026-01-29 05:00:00+00:00,334539769.0,-30.81,58675889.2583857,-45.32,32.6,1.24,0,0,25,Strong Distribution
ORLY,ORLY,2026-01-29 05:00:00+00:00,279632410.0,23.59,66623749.786538035,84.64,75.1,0.91,0,0,85,Strong Accumulation
OTIS,OTIS,2026-01-29 05:00:00+00:00,117078056.0,-7.17,26522990.098278146,53.55,66.1,1.45,1,1,60,Accumulation
OXY,OXY,2026-01-29 05:00:00+00:00,-165342939.0,10.4,-235683661.42301875,-15.55,67.2,0.93,0,1,50,Neutral
PANW,PANW,2026-01-29 05:00:00+00:00,166127394.0,-12.49,106526296.68866599,-10.74,26.6,1.01,0,0,15,Strong Distribution
PAYC,PAYC,2026-01-29 05:00:00+00:00,-2623963.0,-160.91,578068.5095317976,-85.24,19.1,1.43,2,2,20,Strong Distribution
PAYX,PAYX,2026-01-29 05:00:00+00:00,-27067220.0,-134.84,9516469.86792922,-59.79,9.9,1.13,0,0,15,Strong Distribution
PCAR,PCAR,2026-01-29 05:00:00+00:00,-22385151.0,45.88,26719082.227806486,185.44,48.4,1.13,0,0,80,Strong Accumulation
PCG,PCG,2026-01-29 05:00:00+00:00,351897551.0,-17.94,-271396144.16507816,-1.0,38.1,1.06,0,0,35,Distribution
PEG,PEG,2026-01-29 05:00:00+00:00,160266203.0,2.87,110648481.97106959,2.83,59.2,0.89,0,0,50,Neutral
PEP,PEP,2026-01-29 05:00:00+00:00,-90489403.0,20.32,67717010.41659167,52.68,87.6,0.86,0,0,85,Strong Accumulation
PFE,PFE,2026-01-29 05:00:00+00:00,1017212501.0,13.83,-491273102.64406425,22.81,65.7,1.03,0,0,80,Strong Accumulation
PFG,PFG,2026-01-29 05:00:00+00:00,22883096.0,51.69,20401687.200085323,36.63,61.1,1.14,0,2,80,Strong Accumulation
PG,PG,2026-01-29 05:00:00+00:00,244575730.0,3.88,176110792.63651013,21.2,71.6,0.9,0,0,70,Strong Accumulation
PGR,PGR,2026-01-29 05:00:00+00:00,61549165.0,1.96,73184216.11833516,9.39,55.3,1.12,0,0,60,Accumulation
PH,PH,2026-01-29 05:00:00+00:00,24688978.0,0.66,17909042.956868183,0.13,55.1,1.18,0,0,50,Neutral
PHM,PHM,2026-01-29 05:00:00+00:00,-37124663.0,13.32,32717185.64487701,9.23,59.2,0.95,0,1,75,Strong Accumulation
PKG,PKG,2026-01-29 05:00:00+00:00,7233365.0,120.17,13986917.66813598,1.22,48.4,1.73,3,3,75,Strong Accumulation
PLD,PLD,2026-01-29 05:00:00+00:00,48354509.0,46.24,-2852677.734218045,-63.64,64.6,0.96,0,0,50,Neutral
PM,PM,2026-01-29 05:00:00+00:00,401951574.0,4.7,373332016.62406623,10.49,72.9,1.0,0,0,70,Strong Accumulation
PNC,PNC,2026-01-29 05:00:00+00:00,58990231.0,-2.56,39448212.306251794,-3.27,45.1,0.77,0,3,50,Neutral
PNR,PNR,2026-01-29 05:00:00+00:00,54162621.0,24.73,51664944.65707301,16.31,76.8,0.8,0,2,85,Strong Accumulation
PNW,PNW,2026-01-29 05:00:00+00:00,62176841.0,2.89,21102234.318297837,24.11,63.9,0.92,0,0,65,Accumulation
PODD,PODD,2026-01-29 05:00:00+00:00,10738151.0,-38.13,14190168.552436251,-10.17,23.3,1.53,1,2,25,Strong Distribution
POOL,POOL,2026-01-29 05:00:00+00:00,-25139112.0,19.98,-10392512.838075895,29.12,66.2,0.86,0,1,80,Strong Accumulation
PPG,PPG,2026-01-29 05:00:00+00:00,-257425.0,98.86,-44542439.23361987,15.37,75.1,1.26,1,2,90,Strong Accumulation
PPL,PPL,2026-01-29 05:00:00+00:00,277963365.0,11.89,138378585.83723214,12.07,71.2,1.03,0,1,85,Strong Accumulation
PRU,PRU,2026-01-29 05:00:00+00:00,40305142.0,-11.4,19644491.822354205,-11.72,31.3,0.91,0,1,20,Strong Distribution
PSA,PSA,2026-01-29 05:00:00+00:00,-3480127.0,66.75,3294313.6320575178,600.98,60.7,0.63,0,1,75,Strong Accumulation
PSX,PSX,2026-01-29 05:00:00+00:00,89079224.0,9.03,-26206150.039006278,-76.74,45.3,0.7,0,0,40,Distribution
PTC,PTC,2026-01-29 05:00:00+00:00,-16248493.0,-80.14,23761730.59746579,-6.75,19.7,1.1,0,0,20,Strong Distribution
PWR,PWR,2026-01-29 05:00:00+00:00,37115117.0,15.84,25335855.698128752,7.6,81.4,0.86,0,1,80,Strong Accumulation
PYPL,PYPL,2026-01-29 05:00:00+00:00,-88005147.0,-434.89,-244929306.45675376,-25.12,25.7,0.92,0,0,15,Strong Distribution
QCOM,QCOM,2026-01-29 05:00:00+00:00,137985120.0,-34.7,33172396.76502956,-55.95,12.3,0.9,0,0,15,Strong Distribution
QRVO,QRVO,2026-01-29 05:00:00+00:00,45349174.0,-8.62,3974918.6065397924,-55.52,35.8,1.71,1,2,35,Distribution
RCL,RCL,2026-01-29 05:00:00+00:00,95276182.0,14.38,80383309.821437,13.68,64.8,1.4,1,1,85,Strong Accumulation
REG,REG,2026-01-29 05:00:00+00:00,-14423666.0,17.69,14086402.369965414,21.75,56.9,0.93,0,0,80,Strong Accumulation
REGN,REGN,2026-01-29 05:00:00+00:00,-6406254.0,-149.65,-14902846.766239952,-9.22,30.6,0.9,0,0,25,Strong Distribution
RF,RF,2026-01-29 05:00:00+00:00,438847412.0,1.71,287672797.79924434,17.2,36.9,0.86,0,1,65,Accumulation
RJF,RJF,2026-01-29 05:00:00+00:00,58755534.0,3.54,40634746.92200108,3.04,49.0,0.98,0,0,50,Neutral
RL,RL,2026-01-29 05:00:00+00:00,11271480.0,-3.76,24772736.791262854,-2.15,37.8,0.93,0,0,50,Neutral
RMD,RMD,2026-01-29 05:00:00+00:00,12867497.0,41.94,39769444.01278569,8.34,80.5,1.19,0,0,80,Strong Accumulation
ROK,ROK,2026-01-29 05:00:00+00:00,31196512.0,11.05,15552192.346961966,5.55,52.3,0.8,0,0,75,Strong Accumulation
ROL,ROL,2026-01-29 05:00:00+00:00,70893066.0,33.31,51347236.96932846,24.32,78.4,0.85,0,0,85,Strong Accumulation
ROP,ROP,2026-01-29 05:00:00+00:00,4087808.0,-50.94,11370809.625443276,23.91,19.7,1.89,2,2,55,Accumulation
ROST,ROST,2026-01-29 05:00:00+00:00,10370730.0,191.6,-992515.8174443338,88.08,45.5,1.02,0,0,80,Strong Accumulation
RSG,RSG,2026-01-29 05:00:00+00:00,62261049.0,0.6,58754286.70631014,10.02,49.2,0.93,0,0,65,Accumulation
RTX,RTX,2026-01-29 05:00:00+00:00,376526907.0,12.98,169169301.2213135,0.38,48.5,1.24,0,1,70,Strong Accumulation
RVTY,RVTY,2026-01-29 05:00:00+00:00,-8702104.0,30.85,9274633.698955815,90.16,58.9,0.81,0,1,80,Strong Accumulation
SBAC,SBAC,2026-01-29 05:00:00+00:00,-1282325.0,-172.09,7959551.540101421,-13.1,42.0,0.85,0,0,20,Strong Distribution
SBUX,SBUX,2026-01-29 05:00:00+00:00,-19682880.0,-34.06,169612268.33271343,12.52,61.1,1.44,1,2,55,Accumulation
SCHW,SCHW,2026-01-29 05:00:00+00:00,323649772.0,13.37,210109648.5716777,-8.97,63.7,0.84,0,1,55,Accumulation
SHW,SHW,2026-01-29 05:00:00+00:00,-2368529.0,74.68,7835314.779018505,473.58,72.4,1.08,0,0,85,Strong Accumulation
SJM,SJM,2026-01-29 05:00:00+00:00,-31397102.0,8.52,-8841047.637488909,29.25,71.3,0.74,0,0,80,Strong Accumulation
SLB,SLB,2026-01-29 05:00:00+00:00,-249242831.0,17.43,-199303895.4316464,-12.08,62.4,1.21,1,2,55,Accumulation
SMCI,SMCI,2026-01-29 05:00:00+00:00,348618247.0,1.38,143437540.3817832,46.84,49.5,0.79,0,2,65,Accumulation
SNA,SNA,2026-01-29 05:00:00+00:00,-801532.0,71.86,-527312.3880448646,-12.99,52.2,0.96,0,0,50,Neutral
SNPS,SNPS,2026-01-29 05:00:00+00:00,18437737.0,64.93,17083608.54946836,73.32,50.4,0.91,0,0,80,Strong Accumulation
SO,SO,2026-01-29 05:00:00+00:00,164395834.0,14.12,187674968.03952566,6.83,67.4,1.06,0,0,75,Strong Accumulation
SOLV,SOLV,2026-01-29 05:00:00+00:00,-46544381.0,0.29,-5206575.1317506945,-44.19,31.0,0.88,0,0,35,Distribution
SPG,SPG,2026-01-29 05:00:00+00:00,27946137.0,-9.5,27574547.14834391,-2.61,58.2,0.75,0,1,40,Distribution
SPGI,SPGI,2026-01-29 05:00:00+00:00,47455372.0,17.53,28427114.79267821,-3.91,35.5,0.85,0,1,65,Accumulation
SRE,SRE,2026-01-29 05:00:00+00:00,32752660.0,17.88,98536155.37234676,-2.11,53.3,1.18,0,2,65,Accumulation
STE,STE,2026-01-29 05:00:00+00:00,16996329.0,3.94,17592592.68899125,6.55,52.5,0.91,0,0,60,Accumulation
STLD,STLD,2026-01-29 05:00:00+00:00,1700773.0,184.88,-4614016.787853343,24.32,58.1,1.2,0,0,80,Strong Accumulation
STT,STT,2026-01-29 05:00:00+00:00,174283407.0,6.7,72596724.81790859,6.33,63.0,0.71,0,0,70,Strong Accumulation
STX,STX,2026-01-29 05:00:00+00:00,198910964.0,29.04,58084309.08971487,52.84,93.5,1.68,1,1,95,Strong Accumulation
STZ,STZ,2026-01-29 05:00:00+00:00,-37564270.0,27.55,-17007432.760692798,26.19,58.3,0.74,0,1,80,Strong Accumulation
SWK,SWK,2026-01-29 05:00:00+00:00,-90797561.0,8.84,-13660796.786604915,23.32,57.5,0.89,0,0,75,Strong Accumulation
SWKS,SWKS,2026-01-29 05:00:00+00:00,-58430697.0,-16.37,-39879561.304600604,-36.67,39.1,1.23,1,2,25,Strong Distribution
SYF,SYF,2026-01-29 05:00:00+00:00,121426993.0,-12.93,159813655.01357588,-7.35,26.2,1.51,2,4,30,Distribution
SYK,SYK,2026-01-29 05:00:00+00:00,6714895.0,97.41,32558226.83053115,10.46,44.7,0.95,0,0,80,Strong Accumulation
SYY,SYY,2026-01-29 05:00:00+00:00,87740851.0,26.54,11826537.14455215,299.77,64.9,1.33,1,1,85,Strong Accumulation
T,T,2026-01-29 05:00:00+00:00,1945931927.0,3.96,1487505397.0315099,-0.04,54.4,1.3,0,0,55,Accumulation
TAP,TAP,2026-01-29 05:00:00+00:00,26593695.0,-14.01,-42657836.482066,7.37,49.8,1.0,0,0,45,Neutral
TDG,TDG,2026-01-29 05:00:00+00:00,13383391.0,12.01,9234254.893709319,8.73,46.9,0.9,0,0,75,Strong Accumulation
TDY,TDY,2026-01-29 05:00:00+00:00,9137016.0,64.46,5321544.293141495,47.83,72.1,0.91,0,2,85,Strong Accumulation
TECH,TECH,2026-01-29 05:00:00+00:00,-127534.0,96.91,14771217.739060303,131.75,44.6,0.91,0,0,80,Strong Accumulation
TEL,TEL,2026-01-29 05:00:00+00:00,91511046.0,-5.58,10268190.083336972,-24.77,43.7,1.13,0,2,25,Strong Distribution
TER,TER,2026-01-29 05:00:00+00:00,91526069.0,36.56,82221565.33718805,21.42,82.2,0.96,0,0,85,Strong Accumulation
TFC,TFC,2026-01-29 05:00:00+00:00,106735745.0,22.89,187769144.92157537,2.33,41.2,1.01,0,2,65,Accumulation
TFX,TFX,2026-01-29 05:00:00+00:00,-10104249.0,16.28,-10010369.032437539,-55.2,52.1,0.96,0,1,50,Neutral
TGT,TGT,2026-01-29 05:00:00+00:00,-142239486.0,22.6,-74592390.9145237,24.01,42.8,0.82,0,0,80,Strong Accumulation
TJX,TJX,2026-01-29 05:00:00+00:00,167803555.0,-17.38,40470777.00737625,-8.73,13.7,1.21,0,0,25,Strong Distribution
TMO,TMO,2026-01-29 05:00:00+00:00,-8169658.0,1.17,15336146.239491712,59.28,44.0,0.97,0,0,65,Accumulation
TMUS,TMUS,2026-01-29 05:00:00+00:00,67033998.0,-17.09,71627306.9246656,-11.46,37.1,1.04,0,0,20,Strong Distribution
TPR,TPR,2026-01-29 05:00:00+00:00,286704175.0,-1.12,161299111.05720335,-2.84,33.0,0.89,0,0,50,Neutral
TRGP,TRGP,2026-01-29 05:00:00+00:00,128695517.0,7.8,98057511.86933033,-1.62,83.3,1.05,0,0,65,Accumulation
TRMB,TRMB,2026-01-29 05:00:00+00:00,84848937.0,-10.13,44671571.182567105,-15.13,20.9,1.14,0,2,15,Strong Distribution
TROW,TROW,2026-01-29 05:00:00+00:00,10462074.0,-24.77,-6471131.629796096,-26.82,36.0,0.78,0,0,20,Strong Distribution
TRV,TRV,2026-01-29 05:00:00+00:00,39818407.0,-1.34,20208307.21352966,-11.35,43.2,0.82,0,0,35,Distribution
TSCO,TSCO,2026-01-29 05:00:00+00:00,191023258.0,4.37,74522782.66357726,-21.93,53.0,1.3,1,3,40,Distribution
TSLA,TSLA,2026-01-29 05:00:00+00:00,2531431611.0,-10.42,1645856361.1286206,-13.84,58.7,0.88,0,0,20,Strong Distribution
TSN,TSN,2026-01-29 05:00:00+00:00,96325486.0,28.46,56261404.94861529,40.17,76.4,1.09,0,0,85,Strong Accumulation
TT,TT,2026-01-29 05:00:00+00:00,52090870.0,13.54,39870990.2692442,19.16,66.4,1.23,1,2,85,Strong Accumulation
TTWO,TTWO,2026-01-29 05:00:00+00:00,70488069.0,-14.62,36184015.2760612,0.23,21.1,1.09,0,0,30,Distribution
TXN,TXN,2026-01-29 05:00:00+00:00,100788099.0,182.85,80384170.7987873,78.87,73.3,1.42,1,2,90,Strong Accumulation
TXT,TXT,2026-01-29 05:00:00+00:00,24667370.0,-12.47,-1444966.9095909216,50.99,51.3,1.39,1,1,55,Accumulation
TYL,TYL,2026-01-29 05:00:00+00:00,911647.0,-57.81,5900414.359895867,-14.33,29.3,1.08,1,1,15,Strong Distribution
UAL,UAL,2026-01-29 05:00:00+00:00,257991570.0,-5.75,123039182.4238542,-15.92,34.6,1.0,0,2,25,Strong Distribution
UBER,UBER,2026-01-29 05:00:00+00:00,-138895726.0,-26.34,162559052.933076,22.42,24.7,1.03,0,0,45,Neutral
UDR,UDR,2026-01-29 05:00:00+00:00,6996895.0,14.28,37429121.57317452,27.27,44.7,1.2,0,2,80,Strong Accumulation
UHS,UHS,2026-01-29 05:00:00+00:00,23996150.0,-7.12,21682721.332263507,3.49,34.0,0.79,0,0,40,Distribution
ULTA,ULTA,2026-01-29 05:00:00+00:00,-15080188.0,12.23,-23048010.075241014,-1.41,43.0,1.08,0,0,65,Accumulation
UNH,UNH,2026-01-29 05:00:00+00:00,-142094570.0,-19.33,119226307.8342198,-5.13,42.1,2.17,2,2,35,Distribution
UNP,UNP,2026-01-29 05:00:00+00:00,-14329005.0,25.69,28282774.057511367,-14.72,52.7,1.18,0,1,50,Neutral
UPS,UPS,2026-01-29 05:00:00+00:00,-73767142.0,30.14,-146005409.25140733,-2.49,51.5,1.48,1,1,70,Strong Accumulation
URI,URI,2026-01-29 05:00:00+00:00,10338189.0,-9.56,3483752.9515228905,-5.96,31.5,1.32,1,1,35,Distribution
USB,USB,2026-01-29 05:00:00+00:00,198895653.0,22.05,197816366.91136673,10.69,61.8,0.87,0,1,80,Strong Accumulation
V,V,2026-01-29 05:00:00+00:00,274955924.0,-10.23,132025467.32725336,6.22,38.3,0.85,0,2,45,Neutral
VICI,VICI,2026-01-29 05:00:00+00:00,-99173187.0,-157.25,-36494850.98504364,-5.81,47.9,0.76,0,0,25,Strong Distribution
VLO,VLO,2026-01-29 05:00:00+00:00,81638578.0,12.47,-5710975.489479932,-128.66,53.3,0.9,0,2,50,Neutral
VLTO,VLTO,2026-01-29 05:00:00+00:00,17990140.0,-2.65,10222527.535540313,53.07,48.0,0.98,0,0,65,Accumulation
VMC,VMC,2026-01-29 05:00:00+00:00,36774889.0,13.18,22559930.73333218,5.83,41.8,0.61,0,0,70,Strong Accumulation
VRSK,VRSK,2026-01-29 05:00:00+00:00,-9510987.0,-529.78,26432467.71339616,-3.03,51.4,0.94,0,0,35,Distribution
VRSN,VRSN,2026-01-29 05:00:00+00:00,3961935.0,-38.58,9702759.739645379,1.37,47.7,0.91,0,0,35,Distribution
VRTX,VRTX,2026-01-29 05:00:00+00:00,35197995.0,5.1,22168495.871640652,14.0,46.4,0.95,0,0,75,Strong Accumulation
VST,VST,2026-01-29 05:00:00+00:00,198441745.0,-3.31,155018127.88163525,-15.87,55.8,0.67,0,2,30,Distribution
VTR,VTR,2026-01-29 05:00:00+00:00,119320671.0,-17.94,81126467.66824228,-1.54,54.3,0.87,0,0,35,Distribution
VTRS,VTRS,2026-01-29 05:00:00+00:00,204377370.0,11.49,77048137.3435833,-2.86,70.0,0.75,0,0,70,Strong Accumulation
VZ,VZ,2026-01-29 05:00:00+00:00,137995387.0,37.53,188987342.32906374,-20.91,47.0,0.95,0,0,50,Neutral
WAB,WAB,2026-01-29 05:00:00+00:00,50480072.0,15.27,49809114.936325766,4.61,68.0,0.97,0,0,65,Accumulation
WAT,WAT,2026-01-29 05:00:00+00:00,-4276494.0,-24.91,4211253.802261558,20.96,23.7,0.94,0,0,45,Neutral
WBD,WBD,2026-01-29 05:00:00+00:00,2899556706.0,-2.58,709497125.9479517,-14.83,41.4,0.85,0,0,35,Distribution
WDC,WDC,2026-01-29 05:00:00+00:00,564320476.0,14.1,59098282.48296424,202.19,88.2,1.1,0,1,85,Strong Accumulation
WEC,WEC,2026-01-29 05:00:00+00:00,59406285.0,24.82,59633141.20576646,15.42,68.3,1.2,0,0,85,Strong Accumulation
WELL,WELL,2026-01-29 05:00:00+00:00,120255790.0,-2.01,24994306.91724424,-13.92,54.0,1.0,0,0,35,Distribution
WFC,WFC,2026-01-29 05:00:00+00:00,824836179.0,-8.61,699404959.61735,-0.32,29.1,0.94,0,1,35,Distribution
WM,WM,2026-01-29 05:00:00+00:00,76599948.0,25.94,60833840.860535756,28.92,77.1,1.17,0,1,85,Strong Accumulation
WMB,WMB,2026-01-29 05:00:00+00:00,222393924.0,26.11,350254384.09764314,6.47,72.9,1.05,0,0,80,Strong Accumulation
WMT,WMT,2026-01-29 05:00:00+00:00,1206320848.0,43.8,928340016.1776844,34.59,27.4,0.43,0,2,70,Strong Accumulation
WRB,WRB,2026-01-29 05:00:00+00:00,88550974.0,-14.11,-5273238.138621815,-100.61,25.0,1.23,0,0,20,Strong Distribution
WST,WST,2026-01-29 05:00:00+00:00,-15006829.0,-29.44,7980817.92866976,-5.11,36.3,1.1,1,4,25,Strong Distribution
WTW,WTW,2026-01-29 05:00:00+00:00,18013039.0,3.63,18457548.007104255,-2.29,37.1,1.1,0,0,50,Neutral
WY,WY,2026-01-29 05:00:00+00:00,-26398683.0,15.26,-78336052.46135284,-1.08,54.0,0.87,0,0,65,Accumulation
WYNN,WYNN,2026-01-29 05:00:00+00:00,14532757.0,-21.03,-7921454.884443347,-53.18,43.8,1.0,0,0,20,Strong Distribution
XEL,XEL,2026-01-29 05:00:00+00:00,211502319.0,14.33,89423474.55818598,15.63,58.5,0.67,0,1,75,Strong Accumulation
XOM,XOM,2026-01-29 05:00:00+00:00,419778127.0,77.04,219031602.14064667,45.34,87.9,0.98,0,0,85,Strong Accumulation
XYL,XYL,2026-01-29 05:00:00+00:00,43573735.0,3.76,22584331.87961987,20.43,58.8,1.26,1,2,70,Strong Accumulation
YUM,YUM,2026-01-29 05:00:00+00:00,5491716.0,-43.73,15917868.253794882,6.16,58.5,0.96,0,0,45,Neutral
ZBH,ZBH,2026-01-29 05:00:00+00:00,-923612.0,-109.79,-6990193.418403756,-152.51,28.1,0.81,0,1,15,Strong Distribution
ZBRA,ZBRA,2026-01-29 05:00:00+00:00,631971.0,145.28,-3747852.316913221,-37.73,53.5,0.84,0,0,50,Neutral
ZTS,ZTS,2026-01-29 05:00:00+00:00,-75022727.0,-74.92,-85573241.95986587,-17.71,22.8,0.91,0,0,15,Strong Distribution
